{
    "mean": [
        0.4131944444444444,
        2.4755468077546294,
        253.5029386150463,
        0.0,
        -9.868649107779169e-17
    ],
    "scale": [
        0.49240714406341773,
        2.541039380416108,
        291.89592906782957,
        0.7071067811865476,
        0.7071067811865476
    ]
}